Name,DOIs,Platform,Description,Code,License,Underlying_algorithms,Underlying_assumptions,Strengths_weaknesses,Overall_performance,OxfordNanopore,PacBio,tenxGenomics,BionanoGenomics,HiC,fast5FileProcessing,Basecalling,LongReadOverlapping,DenovoAssembly,Alignment,Scaffolding,GeneratingConsensusSequence,ErrorCorrectionAndPolishing,EvaluatingExistingMethods,IsoformDetection,BaseModificationDetection,QualityChecking,SNPAndVariantAnalysis,Visualisation,ReadQuantification,SuitableForSingleCellExperiments,TestedOnHumanData,TestedOnNonHumanData,Normalisation,ProvideSummaryStatistics,QualityTrimming,AvailabilityOfTestData,Transcriptomics,GapFilling,AnalysisPipelines,Simulators,QualityFiltering,Demultiplexing,Metagenomics,TaxonomicClassification,polyALengthEstimation,RNAStructure,FusionDetection,CoexpressionAnalysis,DataStructures,cfDNActDNA
Nanopore,10.1186/s13148-026-02243-5,NA,"Diagnosis of KMT2B-related dystonia remains challenging due to the high prevalence of variants of uncertain significance and technological constraint of short-read pipelines. To overcome these limitations, we integrated nanopore-based long-read sequencing with a validated KMT2B-episignature classifier to perform simultaneous genetic and epigenetic profiling for three cases with prior uncertain KMT2B-related findings. Our workflow detected characteristic deviations in the KMT2B-episignature score",NA,NA,NA,NA,NA,NA,FALSE,FALSE,FALSE,FALSE,FALSE,FALSE,FALSE,FALSE,FALSE,FALSE,FALSE,FALSE,FALSE,FALSE,FALSE,FALSE,FALSE,FALSE,FALSE,FALSE,FALSE,FALSE,FALSE,FALSE,FALSE,FALSE,FALSE,FALSE,FALSE,FALSE,FALSE,FALSE,FALSE,FALSE,FALSE,FALSE,FALSE,FALSE,FALSE,FALSE,FALSE
"""NanoDel""",10.1093/bioinformatics/btag684,NA,"<h4>Motivation</h4>Traditional methods for detecting large-scale mitochondrial DNA (mtDNA) deletions (LSMDs) in cells present challenges, i.e. requiring a priori information, high DNA inputs, and are not always sensitive and/or quantitative. Mitigation can be achieved through high-throughput DNA sequencing using e.g. Illumina and Oxford Nanopore Technologies (ONT), in combination with LSMD breakpoint identification and quantification using bioinformatics. Splice-aware RNA alignment tools increas",NA,NA,NA,NA,NA,NA,FALSE,FALSE,FALSE,FALSE,FALSE,FALSE,FALSE,FALSE,FALSE,FALSE,FALSE,FALSE,FALSE,FALSE,FALSE,FALSE,FALSE,FALSE,FALSE,FALSE,FALSE,FALSE,FALSE,FALSE,FALSE,FALSE,FALSE,FALSE,FALSE,FALSE,FALSE,FALSE,FALSE,FALSE,FALSE,FALSE,FALSE,FALSE,FALSE,FALSE,FALSE
Customizable,10.1093/nargab/lqag111,NA,"One of the main challenges of whole transcriptome sequencing is the difficulty in detecting and quantifying low-to-moderate abundance transcripts. Methods that address this are either complicated to scale or customize; long-range PCR is problematic to scale, and probe hybridization panels are expensive to customize. In this study, we developed an RNA-guided CRISPR-Cas9 nuclease-based enrichment strategy combined with long-read sequencing, which achieved up to 60-fold enrichment of the target. Ou",NA,NA,NA,NA,NA,NA,FALSE,FALSE,FALSE,FALSE,FALSE,FALSE,FALSE,FALSE,FALSE,FALSE,FALSE,FALSE,FALSE,FALSE,FALSE,FALSE,FALSE,FALSE,FALSE,FALSE,FALSE,FALSE,FALSE,FALSE,FALSE,FALSE,FALSE,FALSE,FALSE,FALSE,FALSE,FALSE,FALSE,FALSE,FALSE,FALSE,FALSE,FALSE,FALSE,FALSE,FALSE
Accurate,10.1186/s13073-026-01772-1,NA,"<h4>Background</h4>Genetic mosaicism is a well-recognized consequence of CRISPR-Cas9 genome editing, yet its characterization remains challenging, especially when it involves low-frequency structural variants. A comprehensive analysis of mosaicism requires deep and unbiased sequencing of the target loci, with accurate single-molecule reads.<h4>Methods</h4>We performed amplification-free PureTarget PacBio sequencing to investigate CRISPR-Cas9 outcomes at on-target and off-target sites in genome e",NA,NA,NA,NA,NA,NA,FALSE,FALSE,FALSE,FALSE,FALSE,FALSE,FALSE,FALSE,FALSE,FALSE,FALSE,FALSE,FALSE,FALSE,FALSE,FALSE,FALSE,FALSE,FALSE,FALSE,FALSE,FALSE,FALSE,FALSE,FALSE,FALSE,FALSE,FALSE,FALSE,FALSE,FALSE,FALSE,FALSE,FALSE,FALSE,FALSE,FALSE,FALSE,FALSE,FALSE,FALSE
Antibody,10.1016/j.jbiotec.2026.09.012,NA,"Monoclonal antibodies (mAbs) are crucial for developing assays to support vaccine development. Our in-house tool antibody generation involves phage panning using HuCAL Platinum human Fab library. To understand the antibody sequence diversity and reproducibility, we performed four parallel panning campaigns against a virus-like particle antigen (VLP, L1 protein from HPV18), and monitored the enrichment of antibody sequences from each round of panning. Long-read NGS platforms from both Pacific Bio",NA,NA,NA,NA,NA,NA,FALSE,FALSE,FALSE,FALSE,FALSE,FALSE,FALSE,FALSE,FALSE,FALSE,FALSE,FALSE,FALSE,FALSE,FALSE,FALSE,FALSE,FALSE,FALSE,FALSE,FALSE,FALSE,FALSE,FALSE,FALSE,FALSE,FALSE,FALSE,FALSE,FALSE,FALSE,FALSE,FALSE,FALSE,FALSE,FALSE,FALSE,FALSE,FALSE,FALSE,FALSE
Mechanistic,10.1155/ijog/2966459,NA,"Medicinal and aromatic plants (MAPs) produce a remarkable diversity of specialized metabolites with significant pharmaceutical, nutraceutical, and industrial value. Although advances in long-read sequencing, chromosome-scale genome assembly, and pangenomics have greatly expanded genomic resources, the mechanistic links between genome architecture and phytochemical diversity remain incompletely understood. The present review synthesizes current evidence describing how structural genomic variation",NA,NA,NA,NA,NA,NA,FALSE,FALSE,FALSE,FALSE,FALSE,FALSE,FALSE,FALSE,FALSE,FALSE,FALSE,FALSE,FALSE,FALSE,FALSE,FALSE,FALSE,FALSE,FALSE,FALSE,FALSE,FALSE,FALSE,FALSE,FALSE,FALSE,FALSE,FALSE,FALSE,FALSE,FALSE,FALSE,FALSE,FALSE,FALSE,FALSE,FALSE,FALSE,FALSE,FALSE,FALSE
Pangenomic,10.20944/preprints202609.0994.v3,NA,"Plant pangenomics has rapidly changed the way genetic diversity is represented and studied. During the last three years, advances in long-read sequencing, chromosome-scale genome assembly, structural-variant discovery, graph genomes, haplotype-resolved assemblies and super-pangenomes have demonstrated that a single reference genome is insufficient to describe the genetic diversity of crop species. Today the current challenges in plant pangenomics is the transformation of the pangenomics based in",NA,NA,NA,NA,NA,NA,FALSE,FALSE,FALSE,FALSE,FALSE,FALSE,FALSE,FALSE,FALSE,FALSE,FALSE,FALSE,FALSE,FALSE,FALSE,FALSE,FALSE,FALSE,FALSE,FALSE,FALSE,FALSE,FALSE,FALSE,FALSE,FALSE,FALSE,FALSE,FALSE,FALSE,FALSE,FALSE,FALSE,FALSE,FALSE,FALSE,FALSE,FALSE,FALSE,FALSE,FALSE
Oxford,10.20944/preprints202609.1526.v1,NA,"<h4>Background: </h4> /Objectives: Streptococcus pyogenes (Group A Streptococcus, GAS) remains a major human pathogen. This study aimed to determine the phenotypic profiles of macrolide resistance in S. pyogenes isolates from southeastern Turkey and to investigate underlying genotypic mechanisms using Oxford Nanopore sequencing. <h4>Methods:</h4> A total of 83 clinical isolates of S. pyogenes were collected between January 2024 and June 2025. Antimicrobial susceptibility was assessed by disk dif",NA,NA,NA,NA,NA,NA,FALSE,FALSE,FALSE,FALSE,FALSE,FALSE,FALSE,FALSE,FALSE,FALSE,FALSE,FALSE,FALSE,FALSE,FALSE,FALSE,FALSE,FALSE,FALSE,FALSE,FALSE,FALSE,FALSE,FALSE,FALSE,FALSE,FALSE,FALSE,FALSE,FALSE,FALSE,FALSE,FALSE,FALSE,FALSE,FALSE,FALSE,FALSE,FALSE,FALSE,FALSE
Nanopore,10.1128/jcm.00083-26,NA,"The global burden of infectious disease is on the rise, driven by antibiotic resistance, emerging pathogens, and gaps in accessible, decentralized diagnostics. To address these demands, there is a need for the development of diagnostic platforms for detection, surveillance, or monitoring assays with quick turnaround times. Oxford Nanopore sequencing, a platform for real-time long-read third-generation sequencing, has emerged as a promising tool in this space, with the ability to detect a wide ra",NA,NA,NA,NA,NA,NA,FALSE,FALSE,FALSE,FALSE,FALSE,FALSE,FALSE,FALSE,FALSE,FALSE,FALSE,FALSE,FALSE,FALSE,FALSE,FALSE,FALSE,FALSE,FALSE,FALSE,FALSE,FALSE,FALSE,FALSE,FALSE,FALSE,FALSE,FALSE,FALSE,FALSE,FALSE,FALSE,FALSE,FALSE,FALSE,FALSE,FALSE,FALSE,FALSE,FALSE,FALSE
Parallel,10.1016/j.jmoldx.2026.04.007,NA,"Hereditary ataxias, caused by expansions of short tandem repeats, are difficult to diagnose using traditional PCR and Southern blot methods, which struggle to detect complex repeat expansions and cannot assess repeat interruptions or methylation. An updated Clinical Nanopore Cas9-Targeted Sequencing workflow is presented for analyzing repeat expansions, now compatible with the Oxford Nanopore Technologies R10 flow cell. The workflow incorporates the Oxford Nanopore Technologies wf-human-variatio",NA,NA,NA,NA,NA,NA,FALSE,FALSE,FALSE,FALSE,FALSE,FALSE,FALSE,FALSE,FALSE,FALSE,FALSE,FALSE,FALSE,FALSE,FALSE,FALSE,FALSE,FALSE,FALSE,FALSE,FALSE,FALSE,FALSE,FALSE,FALSE,FALSE,FALSE,FALSE,FALSE,FALSE,FALSE,FALSE,FALSE,FALSE,FALSE,FALSE,FALSE,FALSE,FALSE,FALSE,FALSE
Protocol,10.1016/j.xpro.2026.104841,NA,"Borrelia has a linear chromosome and linear plasmids capped by hairpin telomeres that short-read sequencing cannot resolve. Here, we present a protocol for telomere-to-telomere assembly of Borrelia genomes. We describe steps for spanning B. burgdorferi culture, DNA extraction, and sequencing through hybrid genome assembly to generate complete Borrelia genomes. The pipeline integrates Oxford Nanopore long reads and Illumina short reads to assemble hairpin telomeres, resolve paralogous linear and",NA,NA,NA,NA,NA,NA,FALSE,FALSE,FALSE,FALSE,FALSE,FALSE,FALSE,FALSE,FALSE,FALSE,FALSE,FALSE,FALSE,FALSE,FALSE,FALSE,FALSE,FALSE,FALSE,FALSE,FALSE,FALSE,FALSE,FALSE,FALSE,FALSE,FALSE,FALSE,FALSE,FALSE,FALSE,FALSE,FALSE,FALSE,FALSE,FALSE,FALSE,FALSE,FALSE,FALSE,FALSE
Mutational,NA,NA,NA,NA,NA,NA,NA,NA,NA,FALSE,FALSE,FALSE,FALSE,FALSE,FALSE,FALSE,FALSE,FALSE,FALSE,FALSE,FALSE,FALSE,FALSE,FALSE,FALSE,FALSE,FALSE,FALSE,FALSE,FALSE,FALSE,FALSE,FALSE,FALSE,FALSE,FALSE,FALSE,FALSE,FALSE,FALSE,FALSE,FALSE,FALSE,FALSE,FALSE,FALSE,FALSE,FALSE,FALSE,FALSE
Influence,NA,NA,NA,NA,NA,NA,NA,NA,NA,FALSE,FALSE,FALSE,FALSE,FALSE,FALSE,FALSE,FALSE,FALSE,FALSE,FALSE,FALSE,FALSE,FALSE,FALSE,FALSE,FALSE,FALSE,FALSE,FALSE,FALSE,FALSE,FALSE,FALSE,FALSE,FALSE,FALSE,FALSE,FALSE,FALSE,FALSE,FALSE,FALSE,FALSE,FALSE,FALSE,FALSE,FALSE,FALSE,FALSE,FALSE
Pangenomic,10.20944/preprints202609.0994.v1,NA,"Plant pangenomics has rapidly changed the way genetic diversity is represented and studied. During the last three years, advances in long-read sequencing, chromosome-scale genome assembly, structural-variant discovery, graph genomes, haplotype-resolved assemblies and super-pangenomes have demonstrated that a single reference genome is insufficient to describe the genetic diversity of crop species. Today the current challenges in plant pangenomics is the transformation of the pangenomics based in",NA,NA,NA,NA,NA,NA,FALSE,FALSE,FALSE,FALSE,FALSE,FALSE,FALSE,FALSE,FALSE,FALSE,FALSE,FALSE,FALSE,FALSE,FALSE,FALSE,FALSE,FALSE,FALSE,FALSE,FALSE,FALSE,FALSE,FALSE,FALSE,FALSE,FALSE,FALSE,FALSE,FALSE,FALSE,FALSE,FALSE,FALSE,FALSE,FALSE,FALSE,FALSE,FALSE,FALSE,FALSE
Report,10.1177/22143602261481647,NA,"The 7th Ottawa International Conference on Neuromuscular Disease and Biology was held on September 11-13, 2025, in Ottawa, Canada. The conference brought together international experts in neuromuscular disease, biology and clinical care to provide updates on exciting developments in the field. Topics included novel disease gene identification and characterization, developments in muscle, motor neuron and stem cell biology, characterization of disease pathogenesis and current standards of care, a",NA,NA,NA,NA,NA,NA,FALSE,FALSE,FALSE,FALSE,FALSE,FALSE,FALSE,FALSE,FALSE,FALSE,FALSE,FALSE,FALSE,FALSE,FALSE,FALSE,FALSE,FALSE,FALSE,FALSE,FALSE,FALSE,FALSE,FALSE,FALSE,FALSE,FALSE,FALSE,FALSE,FALSE,FALSE,FALSE,FALSE,FALSE,FALSE,FALSE,FALSE,FALSE,FALSE,FALSE,FALSE
Whole,NA,NA,NA,NA,NA,NA,NA,NA,NA,FALSE,FALSE,FALSE,FALSE,FALSE,FALSE,FALSE,FALSE,FALSE,FALSE,FALSE,FALSE,FALSE,FALSE,FALSE,FALSE,FALSE,FALSE,FALSE,FALSE,FALSE,FALSE,FALSE,FALSE,FALSE,FALSE,FALSE,FALSE,FALSE,FALSE,FALSE,FALSE,FALSE,FALSE,FALSE,FALSE,FALSE,FALSE,FALSE,FALSE,FALSE
Circulating,10.1007/s10555-026-10374-7,NA,"Circulating cell-free DNA (cfDNA) has attracted increasing attention as a minimally invasive biomarker for assessing radiation-induced tissue injury. Radiation exposure can alter cfDNA concentration, fragmentation profiles, and methylation patterns. These changes may reflect cellular damage, tissue origin, and temporal responses to irradiation. During radiotherapy, however, cfDNA can arise from tumor cells, irradiated normal tissues, endothelial cells, immune cells, and hematopoietic cells. This",NA,NA,NA,NA,NA,NA,FALSE,FALSE,FALSE,FALSE,FALSE,FALSE,FALSE,FALSE,FALSE,FALSE,FALSE,FALSE,FALSE,FALSE,FALSE,FALSE,FALSE,FALSE,FALSE,FALSE,FALSE,FALSE,FALSE,FALSE,FALSE,FALSE,FALSE,FALSE,FALSE,FALSE,FALSE,FALSE,FALSE,FALSE,FALSE,FALSE,FALSE,FALSE,FALSE,FALSE,FALSE
Genomic,10.1155/ijfo/5035164,NA,"<i>Serratia liquefaciens</i> is an opportunistic nosocomial pathogen with a wide range of antibiotic resistance patterns. This study reports the characterization of the first <i>mcr-9</i>-positive <i>S. liquefaciens</i> strains, 35E-19E1 and CST-066, isolated from meat products in Japan. The strains were screened for the presence of <i>β</i>-lactamases, plasmid-mediated mobile colistin resistance (<i>mcr</i>) genes, and carbapenemase-encoding genes using PCR. Antimicrobial susceptibility was tes",NA,NA,NA,NA,NA,NA,FALSE,FALSE,FALSE,FALSE,FALSE,FALSE,FALSE,FALSE,FALSE,FALSE,FALSE,FALSE,FALSE,FALSE,FALSE,FALSE,FALSE,FALSE,FALSE,FALSE,FALSE,FALSE,FALSE,FALSE,FALSE,FALSE,FALSE,FALSE,FALSE,FALSE,FALSE,FALSE,FALSE,FALSE,FALSE,FALSE,FALSE,FALSE,FALSE,FALSE,FALSE
Molecular,10.1371/journal.pntd.0014720,NA,"<h4>Background</h4>Leptospirosis is a significant zoonotic disease in Thailand and globally. The causative agents are the spirochete bacteria in the genus Leptospira. An updated assessment of molecular epidemiology in Thailand is needed.<h4>Methodology/principal findings</h4>Remnant EDTA blood specimens from suspected leptospirosis cases collected between June 2024 and July 2025 from the Central, Northern, Northeastern, and Southern regions of Thailand, were referred to the National Institute of",NA,NA,NA,NA,NA,NA,FALSE,FALSE,FALSE,FALSE,FALSE,FALSE,FALSE,FALSE,FALSE,FALSE,FALSE,FALSE,FALSE,FALSE,FALSE,FALSE,FALSE,FALSE,FALSE,FALSE,FALSE,FALSE,FALSE,FALSE,FALSE,FALSE,FALSE,FALSE,FALSE,FALSE,FALSE,FALSE,FALSE,FALSE,FALSE,FALSE,FALSE,FALSE,FALSE,FALSE,FALSE
Transposable,NA,NA,NA,NA,NA,NA,NA,NA,NA,FALSE,FALSE,FALSE,FALSE,FALSE,FALSE,FALSE,FALSE,FALSE,FALSE,FALSE,FALSE,FALSE,FALSE,FALSE,FALSE,FALSE,FALSE,FALSE,FALSE,FALSE,FALSE,FALSE,FALSE,FALSE,FALSE,FALSE,FALSE,FALSE,FALSE,FALSE,FALSE,FALSE,FALSE,FALSE,FALSE,FALSE,FALSE,FALSE,FALSE,FALSE
Pangenome,10.1002/ece3.74350,NA,"<i>Streptomyces sampsonii</i> is a promising biocontrol bacterium, but its genomic basis of adaptation and secondary metabolism remains unclear. Here, we present a chromosome-level genome assembly of <i>S. sampsonii</i> (7.20 Mb, 6015 protein-coding genes) and perform comparative analyses with 95 related <i>Streptomyces</i> species. Phylogenomic and synteny analyses revealed its closest relationship with <i>S. albidoflavus</i>, while extensive structural variations distinguished more distant lin",NA,NA,NA,NA,NA,NA,FALSE,FALSE,FALSE,FALSE,FALSE,FALSE,FALSE,FALSE,FALSE,FALSE,FALSE,FALSE,FALSE,FALSE,FALSE,FALSE,FALSE,FALSE,FALSE,FALSE,FALSE,FALSE,FALSE,FALSE,FALSE,FALSE,FALSE,FALSE,FALSE,FALSE,FALSE,FALSE,FALSE,FALSE,FALSE,FALSE,FALSE,FALSE,FALSE,FALSE,FALSE
A,10.1038/s43587-026-01207-x,NA,"Understanding the molecular basis of neurodegeneration requires a comprehensive map of the genome's protein-coding output. Although thousands of small open reading frames (ORFs) are translated in the human brain, proteomic evidence for their encoded microproteins (MPs) (≤150 amino acids (aa)) remains limited. Here, we present a brain MP atlas that integrates transcriptomics, mass spectrometry and deep-learning-predicted spectra across more than 600 postmortem frontal cortex samples with and with",NA,NA,NA,NA,NA,NA,FALSE,FALSE,FALSE,FALSE,FALSE,FALSE,FALSE,FALSE,FALSE,FALSE,FALSE,FALSE,FALSE,FALSE,FALSE,FALSE,FALSE,FALSE,FALSE,FALSE,FALSE,FALSE,FALSE,FALSE,FALSE,FALSE,FALSE,FALSE,FALSE,FALSE,FALSE,FALSE,FALSE,FALSE,FALSE,FALSE,FALSE,FALSE,FALSE,FALSE,FALSE
Laboratory,10.1371/journal.pntd.0014725,NA,"Bacterial symbionts of insects undergo dramatic genome reduction during their evolutionary transition from free-living to host-dependent lifestyles, but the dynamics of genome degradation remain poorly understood due to the difficulty of observing these processes in real-time. Sodalis glossinidius, a facultative bacterial endosymbiont of tsetse flies, provides an exceptional opportunity to study this transition experimentally: Unlike highly specialised obligate symbionts, S. glossinidius can be",NA,NA,NA,NA,NA,NA,FALSE,FALSE,FALSE,FALSE,FALSE,FALSE,FALSE,FALSE,FALSE,FALSE,FALSE,FALSE,FALSE,FALSE,FALSE,FALSE,FALSE,FALSE,FALSE,FALSE,FALSE,FALSE,FALSE,FALSE,FALSE,FALSE,FALSE,FALSE,FALSE,FALSE,FALSE,FALSE,FALSE,FALSE,FALSE,FALSE,FALSE,FALSE,FALSE,FALSE,FALSE
Application,10.1002/pei3.70211,NA,"Cowpea (<i>Vigna unguiculata</i>) is a vital crop for food security, nutrition, and climate resilience in sub-Saharan African and other semi-arid regions. However, its improvement is constrained by the complexity of polygenic traits such as drought tolerance, pest resistance, and seed quality. Conventional breeding, while foundational, remains insufficient to address these challenges at the required pace. Recent advances in multi-omics technologies, including genomics, transcriptomics, proteomic",NA,NA,NA,NA,NA,NA,FALSE,FALSE,FALSE,FALSE,FALSE,FALSE,FALSE,FALSE,FALSE,FALSE,FALSE,FALSE,FALSE,FALSE,FALSE,FALSE,FALSE,FALSE,FALSE,FALSE,FALSE,FALSE,FALSE,FALSE,FALSE,FALSE,FALSE,FALSE,FALSE,FALSE,FALSE,FALSE,FALSE,FALSE,FALSE,FALSE,FALSE,FALSE,FALSE,FALSE,FALSE
